{
  "jobs": [
    {
      "id": 1,
      "jobrole": "React JS developer",
      "company": "Capgemini",
      "salary": "6,00,000-10,00,000",
      "experiance": "2-4",
      "location": "Chennai"
    },
    {
      "id": 2,
      "jobrole": "SAP Developer",
      "company": "IBM",
      "salary": "10,00,000-13,00,000",
      "experiance": "2-5",
      "location": "Hyderabad"
    },
    {
      "id": 3,
      "jobrole": "Automation tester",
      "company": "Tech Mahendra",
      "salary": "4,00,000-7,00,000",
      "experiance": "0-2",
      "location": "Pune"
    },
    {
      "id": 4,
      "jobrole": "Support Engineer",
      "company": "Accenture",
      "salary": "6,00,000- 8,00,000",
      "experiance": "3-4",
      "location": "Bangalore"
    },
    {
      "id": 5,
      "jobrole": "SQL/PLSQL Developer",
      "company": "Wipro",
      "salary": "8,00,000-15,00,000",
      "experiance": "5-8",
      "location": "Mumbai"
    },
    {
      "id": 6,
      "jobrole": "Salesforce Developer",
      "company": "Cognizant",
      "salary": "5,00,000-10,00,000",
      "experiance": "4-8",
      "location": "Pune"
    },
    {
      "id": 7,
      "jobrole": "data analyst",
      "company": "Virtusa",
      "salary": "2,00,000-5,00,000",
      "experiance": "1-3",
      "location": "Hyderabad"
    }
  ],
  "Appliedjobs": [
    
    {
      "JobId": "1",
      "username": "yamini",
      "email": "ballaryyamini143@gmail.com",
      "mobilenumber": "7890787698",
      "experiance": "7",
      "id": 23
    },
    {
      "JobId": "1",
      "username": "satya",
      "email": "ballaty@gmail.com",
      "mobilenumber": "6678998877",
      "experiance": "3",
      "id": 24
    }
  ],
  "contactus": [
    
    
  ]
}